Product1,1
Product2,2
Product3,3
Product4,4
Product5,5
Product6,6
Product7,7
Product8,8
Product9,9
Product10,10
Product11,11
Product12,12
Product13,13
Product14,14
Product15,15
Product16,16
Product17,17
Product18,18
Product19,19
Product20,20
Product21,21
Product22,22
Product23,23
Product24,24
Product25,25
Product26,26
Product27,27
Product28,28
Product29,29
Product30,30
Product31,31
Product32,32
Product33,33
Product34,34
Product35,35
Product36,36
Product37,37
Product38,38
Product39,39
Product40,40
Product41,41
Product42,42
Product43,43
Product44,44
Product45,45
Product46,46
Product47,47
Product48,48
Product49,49
Product50,50
Product51,51
Product52,52
Product53,53
Product54,54
Product55,55
Product56,56
Product57,57
Product58,58
Product59,59
Product60,60
Product61,61
Product62,62
Product63,63
Product64,64
Product65,65
Product66,66
Product67,67
Product68,68
Product69,69
Product70,70
Product71,71
Product72,72
Product73,73
Product74,74
Product75,75
Product76,76
Product77,77
Product78,78
Product79,79
Product80,80
Product81,81
Product82,82
Product83,83
Product84,84
Product85,85
Product86,86
Product87,87
Product88,88
Product89,89
Product90,90
Product91,91
Product92,92
Product93,93
Product94,94
Product95,95
Product96,96
Product97,97
Product98,98
Product99,99
Product100,100
Product101,101
Product102,102
Product103,103
Product104,104
Product105,105
Product106,106
Product107,107
Product108,108
Product109,109
Product110,110
Product111,111
Product112,112
Product113,113
Product114,114
Product115,115
Product116,116
Product117,117
Product118,118
Product119,119
Product120,120
Product121,121
Product122,122
Product123,123
Product124,124
Product125,125
Product126,126
Product127,127
Product128,128
Product129,129
Product130,130
Product131,131
Product132,132
Product133,133
Product134,134
Product135,135
Product136,136
Product137,137
Product138,138
Product139,139
Product140,140
Product141,141
Product142,142
Product143,143
Product144,144
Product145,145
Product146,146
Product147,147
Product148,148
Product149,149
Product150,150
Product151,151
Product152,152
Product153,153
Product154,154
Product155,155
Product156,156
Product157,157
Product158,158
Product159,159
Product160,160
Product161,161
Product162,162
Product163,163
Product164,164
Product165,165
Product166,166
Product167,167
Product168,168
Product169,169
Product170,170
Product171,171
Product172,172
Product173,173
Product174,174
Product175,175
Product176,176
Product177,177
Product178,178
Product179,179
Product180,180
Product181,181
Product182,182
Product183,183
Product184,184
Product185,185
Product186,186
Product187,187
Product188,188
Product189,189
Product190,190
Product191,191
Product192,192
Product193,193
Product194,194
Product195,195
Product196,196
Product197,197
Product198,198
Product199,199
Product200,200
Product201,201
Product202,202
Product203,203
Product204,204
Product205,205
Product206,206
Product207,207
Product208,208
Product209,209
Product210,210
Product211,211
Product212,212
Product213,213
Product214,214
Product215,215
Product216,216
Product217,217
Product218,218
Product219,219
Product220,220
Product221,221
Product222,222
Product223,223
Product224,224
Product225,225
Product226,226
Product227,227
Product228,228
Product229,229
Product230,230
Product231,231
Product232,232
Product233,233
Product234,234
Product235,235
Product236,236
Product237,237
Product238,238
Product239,239
Product240,240
Product241,241
Product242,242
Product243,243
Product244,244
Product245,245
Product246,246
Product247,247
Product248,248
Product249,249
Product250,250
Product251,251
Product252,252
Product253,253
Product254,254
Product255,255
Product256,256
Product257,257
Product258,258
Product259,259
Product260,260
Product261,261
Product262,262
Product263,263
Product264,264
Product265,265
Product266,266
Product267,267
Product268,268
Product269,269
Product270,270
Product271,271
Product272,272
Product273,273
Product274,274
Product275,275
Product276,276
Product277,277
Product278,278
Product279,279
Product280,280
Product281,281
Product282,282
Product283,283
Product284,284
Product285,285
Product286,286
Product287,287
Product288,288
Product289,289
Product290,290
Product291,291
Product292,292
Product293,293
Product294,294
Product295,295
Product296,296
Product297,297
Product298,298
Product299,299
Product300,300
Product301,301
Product302,302
Product303,303
Product304,304
Product305,305
Product306,306
Product307,307
Product308,308
Product309,309
Product310,310
Product311,311
Product312,312
Product313,313
Product314,314
Product315,315
Product316,316
Product317,317
Product318,318
Product319,319
Product320,320
Product321,321
Product322,322
Product323,323
Product324,324
Product325,325
Product326,326
Product327,327
Product328,328
Product329,329
Product330,330
Product331,331
Product332,332
Product333,333
Product334,334
Product335,335
Product336,336
Product337,337
Product338,338
Product339,339
Product340,340
Product341,341
Product342,342
Product343,343
Product344,344
Product345,345
Product346,346
Product347,347
Product348,348
Product349,349
Product350,350
Product351,351
Product352,352
Product353,353
Product354,354
Product355,355
Product356,356
Product357,357
Product358,358
Product359,359
Product360,360
Product361,361
Product362,362
Product363,363
Product364,364
Product365,365
Product366,366
Product367,367
Product368,368
Product369,369
Product370,370
Product371,371
Product372,372
Product373,373
Product374,374
Product375,375
Product376,376
Product377,377
Product378,378
Product379,379
Product380,380
Product381,381
Product382,382
Product383,383
Product384,384
Product385,385
Product386,386
Product387,387
Product388,388
Product389,389
Product390,390
Product391,391
Product392,392
Product393,393
Product394,394
Product395,395
Product396,396
Product397,397
Product398,398
Product399,399
Product400,400
Product401,401
Product402,402
Product403,403
Product404,404
Product405,405
Product406,406
Product407,407
Product408,408
Product409,409
Product410,410
Product411,411
Product412,412
Product413,413
Product414,414
Product415,415
Product416,416
Product417,417
Product418,418
Product419,419
Product420,420
Product421,421
Product422,422
Product423,423
Product424,424
Product425,425
Product426,426
Product427,427
Product428,428
Product429,429
Product430,430
Product431,431
Product432,432
Product433,433
Product434,434
Product435,435
Product436,436
Product437,437
Product438,438
Product439,439
Product440,440
Product441,441
Product442,442
Product443,443
Product444,444
Product445,445
Product446,446
Product447,447
Product448,448
Product449,449
Product450,450
Product451,451
Product452,452
Product453,453
Product454,454
Product455,455
Product456,456
Product457,457
Product458,458
Product459,459
Product460,460
Product461,461
Product462,462
Product463,463
Product464,464
Product465,465
Product466,466
Product467,467
Product468,468
Product469,469
Product470,470
Product471,471
Product472,472
Product473,473
Product474,474
Product475,475
Product476,476
Product477,477
Product478,478
Product479,479
Product480,480
Product481,481
Product482,482
Product483,483
Product484,484
Product485,485
Product486,486
Product487,487
Product488,488
Product489,489
Product490,490
Product491,491
Product492,492
Product493,493
Product494,494
Product495,495
Product496,496
Product497,497
Product498,498
Product499,499
Product500,500
Product501,501
Product502,502
Product503,503
Product504,504
Product505,505
Product506,506
Product507,507
Product508,508
Product509,509
Product510,510
Product511,511
Product512,512
Product513,513
Product514,514
Product515,515
Product516,516
Product517,517
Product518,518
Product519,519
Product520,520
Product521,521
Product522,522
Product523,523
Product524,524
Product525,525
Product526,526
Product527,527
Product528,528
Product529,529
Product530,530
Product531,531
Product532,532
Product533,533
Product534,534
Product535,535
Product536,536
Product537,537
Product538,538
Product539,539
Product540,540
Product541,541
Product542,542
Product543,543
Product544,544
Product545,545
Product546,546
Product547,547
Product548,548
Product549,549
Product550,550
Product551,551
Product552,552
Product553,553
Product554,554
Product555,555
Product556,556
Product557,557
Product558,558
Product559,559
Product560,560
Product561,561
Product562,562
Product563,563
Product564,564
Product565,565
Product566,566
Product567,567
Product568,568
Product569,569
Product570,570
Product571,571
Product572,572
Product573,573
Product574,574
Product575,575
Product576,576
Product577,577
Product578,578
Product579,579
Product580,580
Product581,581
Product582,582
Product583,583
Product584,584
Product585,585
Product586,586
Product587,587
Product588,588
Product589,589
Product590,590
Product591,591
Product592,592
Product593,593
Product594,594
Product595,595
Product596,596
Product597,597
Product598,598
Product599,599
Product600,600
Product601,601
Product602,602
Product603,603
Product604,604
Product605,605
Product606,606
Product607,607
Product608,608
Product609,609
Product610,610
Product611,611
Product612,612
Product613,613
Product614,614
Product615,615
Product616,616
Product617,617
Product618,618
Product619,619
Product620,620
Product621,621
Product622,622
Product623,623
Product624,624
Product625,625
Product626,626
Product627,627
Product628,628
Product629,629
Product630,630
Product631,631
Product632,632
Product633,633
Product634,634
Product635,635
Product636,636
Product637,637
Product638,638
Product639,639
Product640,640
Product641,641
Product642,642
Product643,643
Product644,644
Product645,645
Product646,646
Product647,647
Product648,648
Product649,649
Product650,650
Product651,651
Product652,652
Product653,653
Product654,654
Product655,655
Product656,656
Product657,657
Product658,658
Product659,659
Product660,660
Product661,661
Product662,662
Product663,663
Product664,664
Product665,665
Product666,666
Product667,667
Product668,668
Product669,669
Product670,670
Product671,671
Product672,672
Product673,673
Product674,674
Product675,675
Product676,676
Product677,677
Product678,678
Product679,679
Product680,680
Product681,681
Product682,682
Product683,683
Product684,684
Product685,685
Product686,686
Product687,687
Product688,688
Product689,689
Product690,690
Product691,691
Product692,692
Product693,693
Product694,694
Product695,695
Product696,696
Product697,697
Product698,698
Product699,699
Product700,700
Product701,701
Product702,702
Product703,703
Product704,704
Product705,705
Product706,706
Product707,707
Product708,708
Product709,709
Product710,710
Product711,711
Product712,712
Product713,713
Product714,714
Product715,715
Product716,716
Product717,717
Product718,718
Product719,719
Product720,720
Product721,721
Product722,722
Product723,723
Product724,724
Product725,725
Product726,726
Product727,727
Product728,728
Product729,729
Product730,730
Product731,731
Product732,732
Product733,733
Product734,734
Product735,735
Product736,736
Product737,737
Product738,738
Product739,739
Product740,740
Product741,741
Product742,742
Product743,743
Product744,744
Product745,745
Product746,746
Product747,747
Product748,748
Product749,749
Product750,750
Product751,751
Product752,752
Product753,753
Product754,754
Product755,755
Product756,756
Product757,757
Product758,758
Product759,759
Product760,760
Product761,761
Product762,762
Product763,763
Product764,764
Product765,765
Product766,766
Product767,767
Product768,768
Product769,769
Product770,770
Product771,771
Product772,772
Product773,773
Product774,774
Product775,775
Product776,776
Product777,777
Product778,778
Product779,779
Product780,780
Product781,781
Product782,782
Product783,783
Product784,784
Product785,785
Product786,786
Product787,787
Product788,788
Product789,789
Product790,790
Product791,791
Product792,792
Product793,793
Product794,794
Product795,795
Product796,796
Product797,797
Product798,798
Product799,799
Product800,800
Product801,801
Product802,802
Product803,803
Product804,804
Product805,805
Product806,806
Product807,807
Product808,808
Product809,809
Product810,810
Product811,811
Product812,812
Product813,813
Product814,814
Product815,815
Product816,816
Product817,817
Product818,818
Product819,819
Product820,820
Product821,821
Product822,822
Product823,823
Product824,824
Product825,825
Product826,826
Product827,827
Product828,828
Product829,829
Product830,830
Product831,831
Product832,832
Product833,833
Product834,834
Product835,835
Product836,836
Product837,837
Product838,838
Product839,839
Product840,840
Product841,841
Product842,842
Product843,843
Product844,844
Product845,845
Product846,846
Product847,847
Product848,848
Product849,849
Product850,850
Product851,851
Product852,852
Product853,853
Product854,854
Product855,855
Product856,856
Product857,857
Product858,858
Product859,859
Product860,860
Product861,861
Product862,862
Product863,863
Product864,864
Product865,865
Product866,866
Product867,867
Product868,868
Product869,869
Product870,870
Product871,871
Product872,872
Product873,873
Product874,874
Product875,875
Product876,876
Product877,877
Product878,878
Product879,879
Product880,880
Product881,881
Product882,882
Product883,883
Product884,884
Product885,885
Product886,886
Product887,887
Product888,888
Product889,889
Product890,890
Product891,891
Product892,892
Product893,893
Product894,894
Product895,895
Product896,896
Product897,897
Product898,898
Product899,899
Product900,900
Product901,901
Product902,902
Product903,903
Product904,904
Product905,905
Product906,906
Product907,907
Product908,908
Product909,909
Product910,910
Product911,911
Product912,912
Product913,913
Product914,914
Product915,915
Product916,916
Product917,917
Product918,918
Product919,919
Product920,920
Product921,921
Product922,922
Product923,923
Product924,924
Product925,925
Product926,926
Product927,927
Product928,928
Product929,929
Product930,930
Product931,931
Product932,932
Product933,933
Product934,934
Product935,935
Product936,936
Product937,937
Product938,938
Product939,939
Product940,940
Product941,941
Product942,942
Product943,943
Product944,944
Product945,945
Product946,946
Product947,947
Product948,948
Product949,949
Product950,950
Product951,951
Product952,952
Product953,953
Product954,954
Product955,955
Product956,956
Product957,957
Product958,958
Product959,959
Product960,960
Product961,961
Product962,962
Product963,963
Product964,964
Product965,965
Product966,966
Product967,967
Product968,968
Product969,969
Product970,970
Product971,971
Product972,972
Product973,973
Product974,974
Product975,975
Product976,976
Product977,977
Product978,978
Product979,979
Product980,980
Product981,981
Product982,982
Product983,983
Product984,984
Product985,985
Product986,986
Product987,987
Product988,988
Product989,989
Product990,990
Product991,991
Product992,992
Product993,993
Product994,994
Product995,995
Product996,996
Product997,997
Product998,998
Product999,999
Product1000,1000
Product1001,1001
Product1002,1002
Product1003,1003
Product1004,1004
Product1005,1005
Product1006,1006
Product1007,1007
Product1008,1008
Product1009,1009
Product1010,1010
Product1011,1011
Product1012,1012
Product1013,1013
Product1014,1014
Product1015,1015
Product1016,1016
Product1017,1017
Product1018,1018
Product1019,1019
Product1020,1020
Product1021,1021
Product1022,1022
Product1023,1023
Product1024,1024
Product1025,1025
Product1026,1026
Product1027,1027
Product1028,1028
Product1029,1029
Product1030,1030
Product1031,1031
Product1032,1032
Product1033,1033
Product1034,1034
Product1035,1035
Product1036,1036
Product1037,1037
Product1038,1038
Product1039,1039
Product1040,1040
Product1041,1041
Product1042,1042
Product1043,1043
Product1044,1044
Product1045,1045
Product1046,1046
Product1047,1047
Product1048,1048
Product1049,1049
Product1050,1050
Product1051,1051
Product1052,1052
Product1053,1053
Product1054,1054
Product1055,1055
Product1056,1056
Product1057,1057
Product1058,1058
Product1059,1059
Product1060,1060
Product1061,1061
Product1062,1062
Product1063,1063
Product1064,1064
Product1065,1065
Product1066,1066
Product1067,1067
Product1068,1068
Product1069,1069
Product1070,1070
Product1071,1071
Product1072,1072
Product1073,1073
Product1074,1074
Product1075,1075
Product1076,1076
Product1077,1077
Product1078,1078
Product1079,1079
Product1080,1080
Product1081,1081
Product1082,1082
Product1083,1083
Product1084,1084
Product1085,1085
Product1086,1086
Product1087,1087
Product1088,1088
Product1089,1089
Product1090,1090
Product1091,1091
Product1092,1092
Product1093,1093
Product1094,1094
Product1095,1095
Product1096,1096
Product1097,1097
Product1098,1098
Product1099,1099
Product1100,1100
Product1101,1101
Product1102,1102
Product1103,1103
Product1104,1104
Product1105,1105
Product1106,1106
Product1107,1107
Product1108,1108
Product1109,1109
Product1110,1110
Product1111,1111
Product1112,1112
Product1113,1113
Product1114,1114
Product1115,1115
Product1116,1116
Product1117,1117
Product1118,1118
Product1119,1119
Product1120,1120
Product1121,1121
Product1122,1122
Product1123,1123
Product1124,1124
Product1125,1125
Product1126,1126
Product1127,1127
Product1128,1128
Product1129,1129
Product1130,1130
Product1131,1131
Product1132,1132
Product1133,1133
Product1134,1134
Product1135,1135
Product1136,1136
Product1137,1137
Product1138,1138
Product1139,1139
Product1140,1140
Product1141,1141
Product1142,1142
Product1143,1143
Product1144,1144
Product1145,1145
Product1146,1146
Product1147,1147
Product1148,1148
Product1149,1149
Product1150,1150
Product1151,1151
Product1152,1152
Product1153,1153
Product1154,1154
Product1155,1155
Product1156,1156
Product1157,1157
Product1158,1158
Product1159,1159
Product1160,1160
Product1161,1161
Product1162,1162
Product1163,1163
Product1164,1164
Product1165,1165
Product1166,1166
Product1167,1167
Product1168,1168
Product1169,1169
Product1170,1170
Product1171,1171
Product1172,1172
Product1173,1173
Product1174,1174
Product1175,1175
Product1176,1176
Product1177,1177
Product1178,1178
Product1179,1179
Product1180,1180
Product1181,1181
Product1182,1182
Product1183,1183
Product1184,1184
Product1185,1185
Product1186,1186
Product1187,1187
Product1188,1188
Product1189,1189
Product1190,1190
Product1191,1191
Product1192,1192
Product1193,1193
Product1194,1194
Product1195,1195
Product1196,1196
Product1197,1197
Product1198,1198
Product1199,1199
Product1200,1200
Product1201,1201
Product1202,1202
Product1203,1203
Product1204,1204
Product1205,1205
Product1206,1206
Product1207,1207
Product1208,1208
Product1209,1209
Product1210,1210
Product1211,1211
Product1212,1212
Product1213,1213
Product1214,1214
Product1215,1215
Product1216,1216
Product1217,1217
Product1218,1218
Product1219,1219
Product1220,1220
Product1221,1221
Product1222,1222
Product1223,1223
Product1224,1224
Product1225,1225
Product1226,1226
Product1227,1227
Product1228,1228
Product1229,1229
Product1230,1230
Product1231,1231
Product1232,1232
Product1233,1233
Product1234,1234
Product1235,1235
Product1236,1236
Product1237,1237
Product1238,1238
Product1239,1239
Product1240,1240
Product1241,1241
Product1242,1242
Product1243,1243
Product1244,1244
Product1245,1245
Product1246,1246
Product1247,1247
Product1248,1248
Product1249,1249
Product1250,1250
Product1251,1251
Product1252,1252
Product1253,1253
Product1254,1254
Product1255,1255
Product1256,1256
Product1257,1257
Product1258,1258
Product1259,1259
Product1260,1260
Product1261,1261
Product1262,1262
Product1263,1263
Product1264,1264
Product1265,1265
Product1266,1266
Product1267,1267
Product1268,1268
Product1269,1269
Product1270,1270
Product1271,1271
Product1272,1272
Product1273,1273
Product1274,1274
Product1275,1275
Product1276,1276
Product1277,1277
Product1278,1278
Product1279,1279
Product1280,1280
Product1281,1281
Product1282,1282
Product1283,1283
Product1284,1284
Product1285,1285
Product1286,1286
Product1287,1287
Product1288,1288
Product1289,1289
Product1290,1290
Product1291,1291
Product1292,1292
Product1293,1293
Product1294,1294
Product1295,1295
Product1296,1296
Product1297,1297
Product1298,1298
Product1299,1299
Product1300,1300
Product1301,1301
Product1302,1302
Product1303,1303
Product1304,1304
Product1305,1305
Product1306,1306
Product1307,1307
Product1308,1308
Product1309,1309
Product1310,1310
Product1311,1311
Product1312,1312
Product1313,1313
Product1314,1314
Product1315,1315
Product1316,1316
Product1317,1317
Product1318,1318
Product1319,1319
Product1320,1320
Product1321,1321
Product1322,1322
Product1323,1323
Product1324,1324
Product1325,1325
Product1326,1326
Product1327,1327
Product1328,1328
Product1329,1329
Product1330,1330
Product1331,1331
Product1332,1332
Product1333,1333
Product1334,1334
Product1335,1335
Product1336,1336
Product1337,1337
Product1338,1338
Product1339,1339
Product1340,1340
Product1341,1341
Product1342,1342
Product1343,1343
Product1344,1344
Product1345,1345
Product1346,1346
Product1347,1347
Product1348,1348
Product1349,1349
Product1350,1350
Product1351,1351
Product1352,1352
Product1353,1353
Product1354,1354
Product1355,1355
Product1356,1356
Product1357,1357
Product1358,1358
Product1359,1359
Product1360,1360
Product1361,1361
Product1362,1362
Product1363,1363
Product1364,1364
Product1365,1365
Product1366,1366
Product1367,1367
Product1368,1368
Product1369,1369
Product1370,1370
Product1371,1371
Product1372,1372
Product1373,1373
Product1374,1374
Product1375,1375
Product1376,1376
Product1377,1377
Product1378,1378
Product1379,1379
Product1380,1380
Product1381,1381
Product1382,1382
Product1383,1383
Product1384,1384
Product1385,1385
Product1386,1386
Product1387,1387
Product1388,1388
Product1389,1389
Product1390,1390
Product1391,1391
Product1392,1392
Product1393,1393
Product1394,1394
Product1395,1395
Product1396,1396
Product1397,1397
Product1398,1398
Product1399,1399
Product1400,1400
Product1401,1401
Product1402,1402
Product1403,1403
Product1404,1404
Product1405,1405
Product1406,1406
Product1407,1407
Product1408,1408
Product1409,1409
Product1410,1410
Product1411,1411
Product1412,1412
Product1413,1413
Product1414,1414
Product1415,1415
Product1416,1416
Product1417,1417
Product1418,1418
Product1419,1419
Product1420,1420
Product1421,1421
Product1422,1422
Product1423,1423
Product1424,1424
Product1425,1425
Product1426,1426
Product1427,1427
Product1428,1428
Product1429,1429
Product1430,1430
Product1431,1431
Product1432,1432
Product1433,1433
Product1434,1434
Product1435,1435
Product1436,1436
Product1437,1437
Product1438,1438
Product1439,1439
Product1440,1440
Product1441,1441
Product1442,1442
Product1443,1443
Product1444,1444
Product1445,1445
Product1446,1446
Product1447,1447
Product1448,1448
Product1449,1449
Product1450,1450
Product1451,1451
Product1452,1452
Product1453,1453
Product1454,1454
Product1455,1455
Product1456,1456
Product1457,1457
Product1458,1458
Product1459,1459
Product1460,1460
Product1461,1461
Product1462,1462
Product1463,1463
Product1464,1464
Product1465,1465
Product1466,1466
Product1467,1467
Product1468,1468
Product1469,1469
Product1470,1470
Product1471,1471
Product1472,1472
Product1473,1473
Product1474,1474
Product1475,1475
Product1476,1476
Product1477,1477
Product1478,1478
Product1479,1479
Product1480,1480
Product1481,1481
Product1482,1482
Product1483,1483
Product1484,1484
Product1485,1485
Product1486,1486
Product1487,1487
Product1488,1488
Product1489,1489
Product1490,1490
Product1491,1491
Product1492,1492
Product1493,1493
Product1494,1494
Product1495,1495
Product1496,1496
Product1497,1497
Product1498,1498
Product1499,1499
Product1500,1500
Product1501,1501
Product1502,1502
Product1503,1503
Product1504,1504
Product1505,1505
Product1506,1506
Product1507,1507
Product1508,1508
Product1509,1509
Product1510,1510
Product1511,1511
Product1512,1512
Product1513,1513
Product1514,1514
Product1515,1515
Product1516,1516
Product1517,1517
Product1518,1518
Product1519,1519
Product1520,1520
Product1521,1521
Product1522,1522
Product1523,1523
Product1524,1524
Product1525,1525
Product1526,1526
Product1527,1527
Product1528,1528
Product1529,1529
Product1530,1530
Product1531,1531
Product1532,1532
Product1533,1533
Product1534,1534
Product1535,1535
Product1536,1536
Product1537,1537
Product1538,1538
Product1539,1539
Product1540,1540
Product1541,1541
Product1542,1542
Product1543,1543
Product1544,1544
Product1545,1545
Product1546,1546
Product1547,1547
Product1548,1548
Product1549,1549
Product1550,1550
Product1551,1551
Product1552,1552
Product1553,1553
Product1554,1554
Product1555,1555
Product1556,1556
Product1557,1557
Product1558,1558
Product1559,1559
Product1560,1560
Product1561,1561
Product1562,1562
Product1563,1563
Product1564,1564
Product1565,1565
Product1566,1566
Product1567,1567
Product1568,1568
Product1569,1569
Product1570,1570
Product1571,1571
Product1572,1572
Product1573,1573
Product1574,1574
Product1575,1575
Product1576,1576
Product1577,1577
Product1578,1578
Product1579,1579
Product1580,1580
Product1581,1581
Product1582,1582
Product1583,1583
Product1584,1584
Product1585,1585
Product1586,1586
Product1587,1587
Product1588,1588
Product1589,1589
Product1590,1590
Product1591,1591
Product1592,1592
Product1593,1593
Product1594,1594
Product1595,1595
Product1596,1596
Product1597,1597
Product1598,1598
Product1599,1599
Product1600,1600
Product1601,1601
Product1602,1602
Product1603,1603
Product1604,1604
Product1605,1605
Product1606,1606
Product1607,1607
Product1608,1608
Product1609,1609
Product1610,1610
Product1611,1611
Product1612,1612
Product1613,1613
Product1614,1614
Product1615,1615
Product1616,1616
Product1617,1617
Product1618,1618
Product1619,1619
Product1620,1620
Product1621,1621
Product1622,1622
Product1623,1623
Product1624,1624
Product1625,1625
Product1626,1626
Product1627,1627
Product1628,1628
Product1629,1629
Product1630,1630
Product1631,1631
Product1632,1632
Product1633,1633
Product1634,1634
Product1635,1635
Product1636,1636
Product1637,1637
Product1638,1638
Product1639,1639
Product1640,1640
Product1641,1641
Product1642,1642
Product1643,1643
Product1644,1644
Product1645,1645
Product1646,1646
Product1647,1647
Product1648,1648
Product1649,1649
Product1650,1650
Product1651,1651
Product1652,1652
Product1653,1653
Product1654,1654
Product1655,1655
Product1656,1656
Product1657,1657
Product1658,1658
Product1659,1659
Product1660,1660
Product1661,1661
Product1662,1662
Product1663,1663
Product1664,1664
Product1665,1665
Product1666,1666
Product1667,1667
Product1668,1668
Product1669,1669
Product1670,1670
Product1671,1671
Product1672,1672
Product1673,1673
Product1674,1674
Product1675,1675
Product1676,1676
Product1677,1677
Product1678,1678
Product1679,1679
Product1680,1680
Product1681,1681
Product1682,1682
Product1683,1683
Product1684,1684
Product1685,1685
Product1686,1686
Product1687,1687
Product1688,1688
Product1689,1689
Product1690,1690
Product1691,1691
Product1692,1692
Product1693,1693
Product1694,1694
Product1695,1695
Product1696,1696
Product1697,1697
Product1698,1698
Product1699,1699
Product1700,1700
Product1701,1701
Product1702,1702
Product1703,1703
Product1704,1704
Product1705,1705
Product1706,1706
Product1707,1707
Product1708,1708
Product1709,1709
Product1710,1710
Product1711,1711
Product1712,1712
Product1713,1713
Product1714,1714
Product1715,1715
Product1716,1716
Product1717,1717
Product1718,1718
Product1719,1719
Product1720,1720
Product1721,1721
Product1722,1722
Product1723,1723
Product1724,1724
Product1725,1725
Product1726,1726
Product1727,1727
Product1728,1728
Product1729,1729
Product1730,1730
Product1731,1731
Product1732,1732
Product1733,1733
Product1734,1734
Product1735,1735
Product1736,1736
Product1737,1737
Product1738,1738
Product1739,1739
Product1740,1740
Product1741,1741
Product1742,1742
Product1743,1743
Product1744,1744
Product1745,1745
Product1746,1746
Product1747,1747
Product1748,1748
Product1749,1749
Product1750,1750
Product1751,1751
Product1752,1752
Product1753,1753
Product1754,1754
Product1755,1755
Product1756,1756
Product1757,1757
Product1758,1758
Product1759,1759
Product1760,1760
Product1761,1761
Product1762,1762
Product1763,1763
Product1764,1764
Product1765,1765
Product1766,1766
Product1767,1767
Product1768,1768
Product1769,1769
Product1770,1770
Product1771,1771
Product1772,1772
Product1773,1773
Product1774,1774
Product1775,1775
Product1776,1776
Product1777,1777
Product1778,1778
Product1779,1779
Product1780,1780
Product1781,1781
Product1782,1782
Product1783,1783
Product1784,1784
Product1785,1785
Product1786,1786
Product1787,1787
Product1788,1788
Product1789,1789
Product1790,1790
Product1791,1791
Product1792,1792
Product1793,1793
Product1794,1794
Product1795,1795
Product1796,1796
Product1797,1797
Product1798,1798
Product1799,1799
Product1800,1800
Product1801,1801
Product1802,1802
Product1803,1803
Product1804,1804
Product1805,1805
Product1806,1806
Product1807,1807
Product1808,1808
Product1809,1809
Product1810,1810
Product1811,1811
Product1812,1812
Product1813,1813
Product1814,1814
Product1815,1815
Product1816,1816
Product1817,1817
Product1818,1818
Product1819,1819
Product1820,1820
Product1821,1821
Product1822,1822
Product1823,1823
Product1824,1824
Product1825,1825
Product1826,1826
Product1827,1827
Product1828,1828
Product1829,1829
Product1830,1830
Product1831,1831
Product1832,1832
Product1833,1833
Product1834,1834
Product1835,1835
Product1836,1836
Product1837,1837
Product1838,1838
Product1839,1839
Product1840,1840
Product1841,1841
Product1842,1842
Product1843,1843
Product1844,1844
Product1845,1845
Product1846,1846
Product1847,1847
Product1848,1848
Product1849,1849
Product1850,1850
Product1851,1851
Product1852,1852
Product1853,1853
Product1854,1854
Product1855,1855
Product1856,1856
Product1857,1857
Product1858,1858
Product1859,1859
Product1860,1860
Product1861,1861
Product1862,1862
Product1863,1863
Product1864,1864
Product1865,1865
Product1866,1866
Product1867,1867
Product1868,1868
Product1869,1869
Product1870,1870
Product1871,1871
Product1872,1872
Product1873,1873
Product1874,1874
Product1875,1875
Product1876,1876
Product1877,1877
Product1878,1878
Product1879,1879
Product1880,1880
Product1881,1881
Product1882,1882
Product1883,1883
Product1884,1884
Product1885,1885
Product1886,1886
Product1887,1887
Product1888,1888
Product1889,1889
Product1890,1890
Product1891,1891
Product1892,1892
Product1893,1893
Product1894,1894
Product1895,1895
Product1896,1896
Product1897,1897
Product1898,1898
Product1899,1899
Product1900,1900
Product1901,1901
Product1902,1902
Product1903,1903
Product1904,1904
Product1905,1905
Product1906,1906
Product1907,1907
Product1908,1908
Product1909,1909
Product1910,1910
Product1911,1911
Product1912,1912
Product1913,1913
Product1914,1914
Product1915,1915
Product1916,1916
Product1917,1917
Product1918,1918
Product1919,1919
Product1920,1920
Product1921,1921
Product1922,1922
Product1923,1923
Product1924,1924
Product1925,1925
Product1926,1926
Product1927,1927
Product1928,1928
Product1929,1929
Product1930,1930
Product1931,1931
Product1932,1932
Product1933,1933
Product1934,1934
Product1935,1935
Product1936,1936
Product1937,1937
Product1938,1938
Product1939,1939
Product1940,1940
Product1941,1941
Product1942,1942
Product1943,1943
Product1944,1944
Product1945,1945
Product1946,1946
Product1947,1947
Product1948,1948
Product1949,1949
Product1950,1950
Product1951,1951
Product1952,1952
Product1953,1953
Product1954,1954
Product1955,1955
Product1956,1956
Product1957,1957
Product1958,1958
Product1959,1959
Product1960,1960
Product1961,1961
Product1962,1962
Product1963,1963
Product1964,1964
Product1965,1965
Product1966,1966
Product1967,1967
Product1968,1968
Product1969,1969
Product1970,1970
Product1971,1971
Product1972,1972
Product1973,1973
Product1974,1974
Product1975,1975
Product1976,1976
Product1977,1977
Product1978,1978
Product1979,1979
Product1980,1980
Product1981,1981
Product1982,1982
Product1983,1983
Product1984,1984
Product1985,1985
Product1986,1986
Product1987,1987
Product1988,1988
Product1989,1989
Product1990,1990
Product1991,1991
Product1992,1992
Product1993,1993
Product1994,1994
Product1995,1995
Product1996,1996
Product1997,1997
Product1998,1998
Product1999,1999
Product2000,2000
Product2001,2001
Product2002,2002
Product2003,2003
Product2004,2004
Product2005,2005
Product2006,2006
Product2007,2007
Product2008,2008
Product2009,2009
Product2010,2010
Product2011,2011
Product2012,2012
Product2013,2013
Product2014,2014
Product2015,2015
Product2016,2016
Product2017,2017
Product2018,2018
Product2019,2019
Product2020,2020
Product2021,2021
Product2022,2022
Product2023,2023
Product2024,2024
Product2025,2025
Product2026,2026
Product2027,2027
Product2028,2028
Product2029,2029
Product2030,2030
Product2031,2031
Product2032,2032
Product2033,2033
Product2034,2034
Product2035,2035
Product2036,2036
Product2037,2037
Product2038,2038
Product2039,2039
Product2040,2040
Product2041,2041
Product2042,2042
Product2043,2043
Product2044,2044
Product2045,2045
Product2046,2046
Product2047,2047
Product2048,2048
Product2049,2049
Product2050,2050
Product2051,2051
Product2052,2052
Product2053,2053
Product2054,2054
Product2055,2055
Product2056,2056
Product2057,2057
Product2058,2058
Product2059,2059
Product2060,2060
Product2061,2061
Product2062,2062
Product2063,2063
Product2064,2064
Product2065,2065
Product2066,2066
Product2067,2067
Product2068,2068
Product2069,2069
Product2070,2070
Product2071,2071
Product2072,2072
Product2073,2073
Product2074,2074
Product2075,2075
Product2076,2076
Product2077,2077
Product2078,2078
Product2079,2079
Product2080,2080
Product2081,2081
Product2082,2082
Product2083,2083
Product2084,2084
Product2085,2085
Product2086,2086
Product2087,2087
Product2088,2088
Product2089,2089
Product2090,2090
Product2091,2091
Product2092,2092
Product2093,2093
Product2094,2094
Product2095,2095
Product2096,2096
Product2097,2097
Product2098,2098
Product2099,2099
Product2100,2100
Product2101,2101
Product2102,2102
Product2103,2103
Product2104,2104
Product2105,2105
Product2106,2106
Product2107,2107
Product2108,2108
Product2109,2109
Product2110,2110
Product2111,2111
Product2112,2112
Product2113,2113
Product2114,2114
Product2115,2115
Product2116,2116
Product2117,2117
Product2118,2118
Product2119,2119
Product2120,2120
Product2121,2121
Product2122,2122
Product2123,2123
Product2124,2124
Product2125,2125
Product2126,2126
Product2127,2127
Product2128,2128
Product2129,2129
Product2130,2130
Product2131,2131
Product2132,2132
Product2133,2133
Product2134,2134
Product2135,2135
Product2136,2136
Product2137,2137
Product2138,2138
Product2139,2139
Product2140,2140
Product2141,2141
Product2142,2142
Product2143,2143
Product2144,2144
Product2145,2145
Product2146,2146
Product2147,2147
Product2148,2148
Product2149,2149
Product2150,2150
Product2151,2151
Product2152,2152
Product2153,2153
Product2154,2154
Product2155,2155
Product2156,2156
Product2157,2157
Product2158,2158
Product2159,2159
Product2160,2160
Product2161,2161
Product2162,2162
Product2163,2163
Product2164,2164
Product2165,2165
Product2166,2166
Product2167,2167
Product2168,2168
Product2169,2169
Product2170,2170
Product2171,2171
Product2172,2172
Product2173,2173
Product2174,2174
Product2175,2175
Product2176,2176
Product2177,2177
Product2178,2178
Product2179,2179
Product2180,2180
Product2181,2181
Product2182,2182
Product2183,2183
Product2184,2184
Product2185,2185
Product2186,2186
Product2187,2187
Product2188,2188
Product2189,2189
Product2190,2190
Product2191,2191
Product2192,2192
Product2193,2193
Product2194,2194
Product2195,2195
Product2196,2196
Product2197,2197
Product2198,2198
Product2199,2199
Product2200,2200
Product2201,2201
Product2202,2202
Product2203,2203
Product2204,2204
Product2205,2205
Product2206,2206
Product2207,2207
Product2208,2208
Product2209,2209
Product2210,2210
Product2211,2211
Product2212,2212
Product2213,2213
Product2214,2214
Product2215,2215
Product2216,2216
Product2217,2217
Product2218,2218
Product2219,2219
Product2220,2220
Product2221,2221
Product2222,2222
Product2223,2223
Product2224,2224
Product2225,2225
Product2226,2226
Product2227,2227
Product2228,2228
Product2229,2229
Product2230,2230
Product2231,2231
Product2232,2232
Product2233,2233
Product2234,2234
Product2235,2235
Product2236,2236
Product2237,2237
Product2238,2238
Product2239,2239
Product2240,2240
Product2241,2241
Product2242,2242
Product2243,2243
Product2244,2244
Product2245,2245
Product2246,2246
Product2247,2247
Product2248,2248
Product2249,2249
Product2250,2250
Product2251,2251
Product2252,2252
Product2253,2253
Product2254,2254
Product2255,2255
Product2256,2256
Product2257,2257
Product2258,2258
Product2259,2259
Product2260,2260
Product2261,2261
Product2262,2262
Product2263,2263
Product2264,2264
Product2265,2265
Product2266,2266
Product2267,2267
Product2268,2268
Product2269,2269
Product2270,2270
Product2271,2271
Product2272,2272
Product2273,2273
Product2274,2274
Product2275,2275
Product2276,2276
Product2277,2277
Product2278,2278
Product2279,2279
Product2280,2280
Product2281,2281
Product2282,2282
Product2283,2283
Product2284,2284
Product2285,2285
Product2286,2286
Product2287,2287
Product2288,2288
Product2289,2289
Product2290,2290
Product2291,2291
Product2292,2292
Product2293,2293
Product2294,2294
Product2295,2295
Product2296,2296
Product2297,2297
Product2298,2298
Product2299,2299
Product2300,2300
Product2301,2301
Product2302,2302
Product2303,2303
Product2304,2304
Product2305,2305
Product2306,2306
Product2307,2307
Product2308,2308
Product2309,2309
Product2310,2310
Product2311,2311
Product2312,2312
Product2313,2313
Product2314,2314
Product2315,2315
Product2316,2316
Product2317,2317
Product2318,2318
Product2319,2319
Product2320,2320
Product2321,2321
Product2322,2322
Product2323,2323
Product2324,2324
Product2325,2325
Product2326,2326
Product2327,2327
Product2328,2328
Product2329,2329
Product2330,2330
Product2331,2331
Product2332,2332
Product2333,2333
Product2334,2334
Product2335,2335
Product2336,2336
Product2337,2337
Product2338,2338
Product2339,2339
Product2340,2340
Product2341,2341
Product2342,2342
Product2343,2343
Product2344,2344
Product2345,2345
Product2346,2346
Product2347,2347
Product2348,2348
Product2349,2349
Product2350,2350
Product2351,2351
Product2352,2352
Product2353,2353
Product2354,2354
Product2355,2355
Product2356,2356
Product2357,2357
Product2358,2358
Product2359,2359
Product2360,2360
Product2361,2361
Product2362,2362
Product2363,2363
Product2364,2364
Product2365,2365
Product2366,2366
Product2367,2367
Product2368,2368
Product2369,2369
Product2370,2370
Product2371,2371
Product2372,2372
Product2373,2373
Product2374,2374
Product2375,2375
Product2376,2376
Product2377,2377
Product2378,2378
Product2379,2379
Product2380,2380
Product2381,2381
Product2382,2382
Product2383,2383
Product2384,2384
Product2385,2385
Product2386,2386
Product2387,2387
Product2388,2388
Product2389,2389
Product2390,2390
Product2391,2391
Product2392,2392
Product2393,2393
Product2394,2394
Product2395,2395
Product2396,2396
Product2397,2397
Product2398,2398
Product2399,2399
Product2400,2400
Product2401,2401
Product2402,2402
Product2403,2403
Product2404,2404
Product2405,2405
Product2406,2406
Product2407,2407
Product2408,2408
Product2409,2409
Product2410,2410
Product2411,2411
Product2412,2412
Product2413,2413
Product2414,2414
Product2415,2415
Product2416,2416
Product2417,2417
Product2418,2418
Product2419,2419
Product2420,2420
Product2421,2421
Product2422,2422
Product2423,2423
Product2424,2424
Product2425,2425
Product2426,2426
Product2427,2427
Product2428,2428
Product2429,2429
Product2430,2430
Product2431,2431
Product2432,2432
Product2433,2433
Product2434,2434
Product2435,2435
Product2436,2436
Product2437,2437
Product2438,2438
Product2439,2439
Product2440,2440
Product2441,2441
Product2442,2442
Product2443,2443
Product2444,2444
Product2445,2445
Product2446,2446
Product2447,2447
Product2448,2448
Product2449,2449
Product2450,2450
Product2451,2451
Product2452,2452
Product2453,2453
Product2454,2454
Product2455,2455
Product2456,2456
Product2457,2457
Product2458,2458
Product2459,2459
Product2460,2460
Product2461,2461
Product2462,2462
Product2463,2463
Product2464,2464
Product2465,2465
Product2466,2466
Product2467,2467
Product2468,2468
Product2469,2469
Product2470,2470
Product2471,2471
Product2472,2472
Product2473,2473
Product2474,2474
Product2475,2475
Product2476,2476
Product2477,2477
Product2478,2478
Product2479,2479
Product2480,2480
Product2481,2481
Product2482,2482
Product2483,2483
Product2484,2484
Product2485,2485
Product2486,2486
Product2487,2487
Product2488,2488
Product2489,2489
Product2490,2490
Product2491,2491
Product2492,2492
Product2493,2493
Product2494,2494
Product2495,2495
Product2496,2496
Product2497,2497
Product2498,2498
Product2499,2499
Product2500,2500
Product2501,2501
Product2502,2502
Product2503,2503
Product2504,2504
Product2505,2505
Product2506,2506
Product2507,2507
Product2508,2508
Product2509,2509
Product2510,2510
Product2511,2511
Product2512,2512
Product2513,2513
Product2514,2514
Product2515,2515
Product2516,2516
Product2517,2517
Product2518,2518
Product2519,2519
Product2520,2520
Product2521,2521
Product2522,2522
Product2523,2523
Product2524,2524
Product2525,2525
Product2526,2526
Product2527,2527
Product2528,2528
Product2529,2529
Product2530,2530
Product2531,2531
Product2532,2532
Product2533,2533
Product2534,2534
Product2535,2535
Product2536,2536
Product2537,2537
Product2538,2538
Product2539,2539
Product2540,2540
Product2541,2541
Product2542,2542
Product2543,2543
Product2544,2544
Product2545,2545
Product2546,2546
Product2547,2547
Product2548,2548
Product2549,2549
Product2550,2550
Product2551,2551
Product2552,2552
Product2553,2553
Product2554,2554
Product2555,2555
Product2556,2556
Product2557,2557
Product2558,2558
Product2559,2559
Product2560,2560
Product2561,2561
Product2562,2562
Product2563,2563
Product2564,2564
Product2565,2565
Product2566,2566
Product2567,2567
Product2568,2568
Product2569,2569
Product2570,2570
Product2571,2571
Product2572,2572
Product2573,2573
Product2574,2574
Product2575,2575
Product2576,2576
Product2577,2577
Product2578,2578
Product2579,2579
Product2580,2580
Product2581,2581
Product2582,2582
Product2583,2583
Product2584,2584
Product2585,2585
Product2586,2586
Product2587,2587
Product2588,2588
Product2589,2589
Product2590,2590
Product2591,2591
Product2592,2592
Product2593,2593
Product2594,2594
Product2595,2595
Product2596,2596
Product2597,2597
Product2598,2598
Product2599,2599
Product2600,2600
Product2601,2601
Product2602,2602
Product2603,2603
Product2604,2604
Product2605,2605
Product2606,2606
Product2607,2607
Product2608,2608
Product2609,2609
Product2610,2610
Product2611,2611
Product2612,2612
Product2613,2613
Product2614,2614
Product2615,2615
Product2616,2616
Product2617,2617
Product2618,2618
Product2619,2619
Product2620,2620
Product2621,2621
Product2622,2622
Product2623,2623
Product2624,2624
Product2625,2625
Product2626,2626
Product2627,2627
Product2628,2628
Product2629,2629
Product2630,2630
Product2631,2631
Product2632,2632
Product2633,2633
Product2634,2634
Product2635,2635
Product2636,2636
Product2637,2637
Product2638,2638
Product2639,2639
Product2640,2640
Product2641,2641
Product2642,2642
Product2643,2643
Product2644,2644
Product2645,2645
Product2646,2646
Product2647,2647
Product2648,2648
Product2649,2649
Product2650,2650
Product2651,2651
Product2652,2652
Product2653,2653
Product2654,2654
Product2655,2655
Product2656,2656
Product2657,2657
Product2658,2658
Product2659,2659
Product2660,2660
Product2661,2661
Product2662,2662
Product2663,2663
Product2664,2664
Product2665,2665
Product2666,2666
Product2667,2667
Product2668,2668
Product2669,2669
Product2670,2670
Product2671,2671
Product2672,2672
Product2673,2673
Product2674,2674
Product2675,2675
Product2676,2676
Product2677,2677
Product2678,2678
Product2679,2679
Product2680,2680
Product2681,2681
Product2682,2682
Product2683,2683
Product2684,2684
Product2685,2685
Product2686,2686
Product2687,2687
Product2688,2688
Product2689,2689
Product2690,2690
Product2691,2691
Product2692,2692
Product2693,2693
Product2694,2694
Product2695,2695
Product2696,2696
Product2697,2697
Product2698,2698
Product2699,2699
Product2700,2700
Product2701,2701
Product2702,2702
Product2703,2703
Product2704,2704
Product2705,2705
Product2706,2706
Product2707,2707
Product2708,2708
Product2709,2709
Product2710,2710
Product2711,2711
Product2712,2712
Product2713,2713
Product2714,2714
Product2715,2715
Product2716,2716
Product2717,2717
Product2718,2718
Product2719,2719
Product2720,2720
Product2721,2721
Product2722,2722
Product2723,2723
Product2724,2724
Product2725,2725
Product2726,2726
Product2727,2727
Product2728,2728
Product2729,2729
Product2730,2730
Product2731,2731
Product2732,2732
Product2733,2733
Product2734,2734
Product2735,2735
Product2736,2736
Product2737,2737
Product2738,2738
Product2739,2739
Product2740,2740
Product2741,2741
Product2742,2742
Product2743,2743
Product2744,2744
Product2745,2745
Product2746,2746
Product2747,2747
Product2748,2748
Product2749,2749
Product2750,2750
Product2751,2751
Product2752,2752
Product2753,2753
Product2754,2754
Product2755,2755
Product2756,2756
Product2757,2757
Product2758,2758
Product2759,2759
Product2760,2760
Product2761,2761
Product2762,2762
Product2763,2763
Product2764,2764
Product2765,2765
Product2766,2766
Product2767,2767
Product2768,2768
Product2769,2769
Product2770,2770
Product2771,2771
Product2772,2772
Product2773,2773
Product2774,2774
Product2775,2775
Product2776,2776
Product2777,2777
Product2778,2778
Product2779,2779
Product2780,2780
Product2781,2781
Product2782,2782
Product2783,2783
Product2784,2784
Product2785,2785
Product2786,2786
Product2787,2787
Product2788,2788
Product2789,2789
Product2790,2790
Product2791,2791
Product2792,2792
Product2793,2793
Product2794,2794
Product2795,2795
Product2796,2796
Product2797,2797
Product2798,2798
Product2799,2799
Product2800,2800
Product2801,2801
Product2802,2802
Product2803,2803
Product2804,2804
Product2805,2805
Product2806,2806
Product2807,2807
Product2808,2808
Product2809,2809
Product2810,2810
Product2811,2811
Product2812,2812
Product2813,2813
Product2814,2814
Product2815,2815
Product2816,2816
Product2817,2817
Product2818,2818
Product2819,2819
Product2820,2820
Product2821,2821
Product2822,2822
Product2823,2823
Product2824,2824
Product2825,2825
Product2826,2826
Product2827,2827
Product2828,2828
Product2829,2829
Product2830,2830
Product2831,2831
Product2832,2832
Product2833,2833
Product2834,2834
Product2835,2835
Product2836,2836
Product2837,2837
Product2838,2838
Product2839,2839
Product2840,2840
Product2841,2841
Product2842,2842
Product2843,2843
Product2844,2844
Product2845,2845
Product2846,2846
Product2847,2847
Product2848,2848
Product2849,2849
Product2850,2850
Product2851,2851
Product2852,2852
Product2853,2853
Product2854,2854
Product2855,2855
Product2856,2856
Product2857,2857
Product2858,2858
Product2859,2859
Product2860,2860
Product2861,2861
Product2862,2862
Product2863,2863
Product2864,2864
Product2865,2865
Product2866,2866
Product2867,2867
Product2868,2868
Product2869,2869
Product2870,2870
Product2871,2871
Product2872,2872
Product2873,2873
Product2874,2874
Product2875,2875
Product2876,2876
Product2877,2877
Product2878,2878
Product2879,2879
Product2880,2880
Product2881,2881
Product2882,2882
Product2883,2883
Product2884,2884
Product2885,2885
Product2886,2886
Product2887,2887
Product2888,2888
Product2889,2889
Product2890,2890
Product2891,2891
Product2892,2892
Product2893,2893
Product2894,2894
Product2895,2895
Product2896,2896
Product2897,2897
Product2898,2898
Product2899,2899
Product2900,2900
Product2901,2901
Product2902,2902
Product2903,2903
Product2904,2904
Product2905,2905
Product2906,2906
Product2907,2907
Product2908,2908
Product2909,2909
Product2910,2910
Product2911,2911
Product2912,2912
Product2913,2913
Product2914,2914
Product2915,2915
Product2916,2916
Product2917,2917
Product2918,2918
Product2919,2919
Product2920,2920
Product2921,2921
Product2922,2922
Product2923,2923
Product2924,2924
Product2925,2925
Product2926,2926
Product2927,2927
Product2928,2928
Product2929,2929
Product2930,2930
Product2931,2931
Product2932,2932
Product2933,2933
Product2934,2934
Product2935,2935
Product2936,2936
Product2937,2937
Product2938,2938
Product2939,2939
Product2940,2940
Product2941,2941
Product2942,2942
Product2943,2943
Product2944,2944
Product2945,2945
Product2946,2946
Product2947,2947
Product2948,2948
Product2949,2949
Product2950,2950
Product2951,2951
Product2952,2952
Product2953,2953
Product2954,2954
Product2955,2955
Product2956,2956
Product2957,2957
Product2958,2958
Product2959,2959
Product2960,2960
Product2961,2961
Product2962,2962
Product2963,2963
Product2964,2964
Product2965,2965
Product2966,2966
Product2967,2967
Product2968,2968
Product2969,2969
Product2970,2970
Product2971,2971
Product2972,2972
Product2973,2973
Product2974,2974
Product2975,2975
Product2976,2976
Product2977,2977
Product2978,2978
Product2979,2979
Product2980,2980
Product2981,2981
Product2982,2982
Product2983,2983
Product2984,2984
Product2985,2985
Product2986,2986
Product2987,2987
Product2988,2988
Product2989,2989
Product2990,2990
Product2991,2991
Product2992,2992
Product2993,2993
Product2994,2994
Product2995,2995
Product2996,2996
Product2997,2997
Product2998,2998
Product2999,2999
Product3000,3000
Product3001,3001
Product3002,3002
Product3003,3003
Product3004,3004
Product3005,3005
Product3006,3006
Product3007,3007
Product3008,3008
Product3009,3009
Product3010,3010
Product3011,3011
Product3012,3012
Product3013,3013
Product3014,3014
Product3015,3015
Product3016,3016
Product3017,3017
Product3018,3018
Product3019,3019
Product3020,3020
Product3021,3021
Product3022,3022
Product3023,3023
Product3024,3024
Product3025,3025
Product3026,3026
Product3027,3027
Product3028,3028
Product3029,3029
Product3030,3030
Product3031,3031
Product3032,3032
Product3033,3033
Product3034,3034
Product3035,3035
Product3036,3036
Product3037,3037
Product3038,3038
Product3039,3039
Product3040,3040
Product3041,3041
Product3042,3042
Product3043,3043
Product3044,3044
Product3045,3045
Product3046,3046
Product3047,3047
Product3048,3048
Product3049,3049
Product3050,3050
Product3051,3051
Product3052,3052
Product3053,3053
Product3054,3054
Product3055,3055
Product3056,3056
Product3057,3057
Product3058,3058
Product3059,3059
Product3060,3060
Product3061,3061
Product3062,3062
Product3063,3063
Product3064,3064
Product3065,3065
Product3066,3066
Product3067,3067
Product3068,3068
Product3069,3069
Product3070,3070
Product3071,3071
Product3072,3072
Product3073,3073
Product3074,3074
Product3075,3075
Product3076,3076
Product3077,3077
Product3078,3078
Product3079,3079
Product3080,3080
Product3081,3081
Product3082,3082
Product3083,3083
Product3084,3084
Product3085,3085
Product3086,3086
Product3087,3087
Product3088,3088
Product3089,3089
Product3090,3090
Product3091,3091
Product3092,3092
Product3093,3093
Product3094,3094
Product3095,3095
Product3096,3096
Product3097,3097
Product3098,3098
Product3099,3099
Product3100,3100
Product3101,3101
Product3102,3102
Product3103,3103
Product3104,3104
Product3105,3105
Product3106,3106
Product3107,3107
Product3108,3108
Product3109,3109
Product3110,3110
Product3111,3111
Product3112,3112
Product3113,3113
Product3114,3114
Product3115,3115
Product3116,3116
Product3117,3117
Product3118,3118
Product3119,3119
Product3120,3120
Product3121,3121
Product3122,3122
Product3123,3123
Product3124,3124
Product3125,3125
Product3126,3126
Product3127,3127
Product3128,3128
Product3129,3129
Product3130,3130
Product3131,3131
Product3132,3132
Product3133,3133
Product3134,3134
Product3135,3135
Product3136,3136
Product3137,3137
Product3138,3138
Product3139,3139
Product3140,3140
Product3141,3141
Product3142,3142
Product3143,3143
Product3144,3144
Product3145,3145
Product3146,3146
Product3147,3147
Product3148,3148
Product3149,3149
Product3150,3150
Product3151,3151
Product3152,3152
Product3153,3153
Product3154,3154
Product3155,3155
Product3156,3156
Product3157,3157
Product3158,3158
Product3159,3159
Product3160,3160
Product3161,3161
Product3162,3162
Product3163,3163
Product3164,3164
Product3165,3165
Product3166,3166
Product3167,3167
Product3168,3168
Product3169,3169
Product3170,3170
Product3171,3171
Product3172,3172
Product3173,3173
Product3174,3174
Product3175,3175
Product3176,3176
Product3177,3177
Product3178,3178
Product3179,3179
Product3180,3180
Product3181,3181
Product3182,3182
Product3183,3183
Product3184,3184
Product3185,3185
Product3186,3186
Product3187,3187
Product3188,3188
Product3189,3189
Product3190,3190
Product3191,3191
Product3192,3192
Product3193,3193
Product3194,3194
Product3195,3195
Product3196,3196
Product3197,3197
Product3198,3198
Product3199,3199
Product3200,3200
Product3201,3201
Product3202,3202
Product3203,3203
Product3204,3204
Product3205,3205
Product3206,3206
Product3207,3207
Product3208,3208
Product3209,3209
Product3210,3210
Product3211,3211
Product3212,3212
Product3213,3213
Product3214,3214
Product3215,3215
Product3216,3216
Product3217,3217
Product3218,3218
Product3219,3219
Product3220,3220
Product3221,3221
Product3222,3222
Product3223,3223
Product3224,3224
Product3225,3225
Product3226,3226
Product3227,3227
Product3228,3228
Product3229,3229
Product3230,3230
Product3231,3231
Product3232,3232
Product3233,3233
Product3234,3234
Product3235,3235
Product3236,3236
Product3237,3237
Product3238,3238
Product3239,3239
Product3240,3240
Product3241,3241
Product3242,3242
Product3243,3243
Product3244,3244
Product3245,3245
Product3246,3246
Product3247,3247
Product3248,3248
Product3249,3249
Product3250,3250
Product3251,3251
Product3252,3252
Product3253,3253
Product3254,3254
Product3255,3255
Product3256,3256
Product3257,3257
Product3258,3258
Product3259,3259
Product3260,3260
Product3261,3261
Product3262,3262
Product3263,3263
Product3264,3264
Product3265,3265
Product3266,3266
Product3267,3267
Product3268,3268
Product3269,3269
Product3270,3270
Product3271,3271
Product3272,3272
Product3273,3273
Product3274,3274
Product3275,3275
Product3276,3276
Product3277,3277
Product3278,3278
Product3279,3279
Product3280,3280
Product3281,3281
Product3282,3282
Product3283,3283
Product3284,3284
Product3285,3285
Product3286,3286
Product3287,3287
Product3288,3288
Product3289,3289
Product3290,3290
Product3291,3291
Product3292,3292
Product3293,3293
Product3294,3294
Product3295,3295
Product3296,3296
Product3297,3297
Product3298,3298
Product3299,3299
Product3300,3300
Product3301,3301
Product3302,3302
Product3303,3303
Product3304,3304
Product3305,3305
Product3306,3306
Product3307,3307
Product3308,3308
Product3309,3309
Product3310,3310
Product3311,3311
Product3312,3312
Product3313,3313
Product3314,3314
Product3315,3315
Product3316,3316
Product3317,3317
Product3318,3318
Product3319,3319
Product3320,3320
Product3321,3321
Product3322,3322
Product3323,3323
Product3324,3324
Product3325,3325
Product3326,3326
Product3327,3327
Product3328,3328
Product3329,3329
Product3330,3330
Product3331,3331
Product3332,3332
Product3333,3333
Product3334,3334
Product3335,3335
Product3336,3336
Product3337,3337
Product3338,3338
Product3339,3339
Product3340,3340
Product3341,3341
Product3342,3342
Product3343,3343
Product3344,3344
Product3345,3345
Product3346,3346
Product3347,3347
Product3348,3348
Product3349,3349
Product3350,3350
Product3351,3351
Product3352,3352
Product3353,3353
Product3354,3354
Product3355,3355
Product3356,3356
Product3357,3357
Product3358,3358
Product3359,3359
Product3360,3360
Product3361,3361
Product3362,3362
Product3363,3363
Product3364,3364
Product3365,3365
Product3366,3366
Product3367,3367
Product3368,3368
Product3369,3369
Product3370,3370
Product3371,3371
Product3372,3372
Product3373,3373
Product3374,3374
Product3375,3375
Product3376,3376
Product3377,3377
Product3378,3378
Product3379,3379
Product3380,3380
Product3381,3381
Product3382,3382
Product3383,3383
Product3384,3384
Product3385,3385
Product3386,3386
Product3387,3387
Product3388,3388
Product3389,3389
Product3390,3390
Product3391,3391
Product3392,3392
Product3393,3393
Product3394,3394
Product3395,3395
Product3396,3396
Product3397,3397
Product3398,3398
Product3399,3399
Product3400,3400
Product3401,3401
Product3402,3402
Product3403,3403
Product3404,3404
Product3405,3405
Product3406,3406
Product3407,3407
Product3408,3408
Product3409,3409
Product3410,3410
Product3411,3411
Product3412,3412
Product3413,3413
Product3414,3414
Product3415,3415
Product3416,3416
Product3417,3417
Product3418,3418
Product3419,3419
Product3420,3420
Product3421,3421
Product3422,3422
Product3423,3423
Product3424,3424
Product3425,3425
Product3426,3426
Product3427,3427
Product3428,3428
Product3429,3429
Product3430,3430
Product3431,3431
Product3432,3432
Product3433,3433
Product3434,3434
Product3435,3435
Product3436,3436
Product3437,3437
Product3438,3438
Product3439,3439
Product3440,3440
Product3441,3441
Product3442,3442
Product3443,3443
Product3444,3444
Product3445,3445
Product3446,3446
Product3447,3447
Product3448,3448
Product3449,3449
Product3450,3450
Product3451,3451
Product3452,3452
Product3453,3453
Product3454,3454
Product3455,3455
Product3456,3456
Product3457,3457
Product3458,3458
Product3459,3459
Product3460,3460
Product3461,3461
Product3462,3462
Product3463,3463
Product3464,3464
Product3465,3465
Product3466,3466
Product3467,3467
Product3468,3468
Product3469,3469
Product3470,3470
Product3471,3471
Product3472,3472
Product3473,3473
Product3474,3474
Product3475,3475
Product3476,3476
Product3477,3477
Product3478,3478
Product3479,3479
Product3480,3480
Product3481,3481
Product3482,3482
Product3483,3483
Product3484,3484
Product3485,3485
Product3486,3486
Product3487,3487
Product3488,3488
Product3489,3489
Product3490,3490
Product3491,3491
Product3492,3492
Product3493,3493
Product3494,3494
Product3495,3495
Product3496,3496
Product3497,3497
Product3498,3498
Product3499,3499
Product3500,3500
Product3501,3501
Product3502,3502
Product3503,3503
Product3504,3504
Product3505,3505
Product3506,3506
Product3507,3507
Product3508,3508
Product3509,3509
Product3510,3510
Product3511,3511
Product3512,3512
Product3513,3513
Product3514,3514
Product3515,3515
Product3516,3516
Product3517,3517
Product3518,3518
Product3519,3519
Product3520,3520
Product3521,3521
Product3522,3522
Product3523,3523
Product3524,3524
Product3525,3525
Product3526,3526
Product3527,3527
Product3528,3528
Product3529,3529
Product3530,3530
Product3531,3531
Product3532,3532
Product3533,3533
Product3534,3534
Product3535,3535
Product3536,3536
Product3537,3537
Product3538,3538
Product3539,3539
Product3540,3540
Product3541,3541
Product3542,3542
Product3543,3543
Product3544,3544
Product3545,3545
Product3546,3546
Product3547,3547
Product3548,3548
Product3549,3549
Product3550,3550
Product3551,3551
Product3552,3552
Product3553,3553
Product3554,3554
Product3555,3555
Product3556,3556
Product3557,3557
Product3558,3558
Product3559,3559
Product3560,3560
Product3561,3561
Product3562,3562
Product3563,3563
Product3564,3564
Product3565,3565
Product3566,3566
Product3567,3567
Product3568,3568
Product3569,3569
Product3570,3570
Product3571,3571
Product3572,3572
Product3573,3573
Product3574,3574
Product3575,3575
Product3576,3576
Product3577,3577
Product3578,3578
Product3579,3579
Product3580,3580
Product3581,3581
Product3582,3582
Product3583,3583
Product3584,3584
Product3585,3585
Product3586,3586
Product3587,3587
Product3588,3588
Product3589,3589
Product3590,3590
Product3591,3591
Product3592,3592
Product3593,3593
Product3594,3594
Product3595,3595
Product3596,3596
Product3597,3597
Product3598,3598
Product3599,3599
Product3600,3600
Product3601,3601
Product3602,3602
Product3603,3603
Product3604,3604
Product3605,3605
Product3606,3606
Product3607,3607
Product3608,3608
Product3609,3609
Product3610,3610
Product3611,3611
Product3612,3612
Product3613,3613
Product3614,3614
Product3615,3615
Product3616,3616
Product3617,3617
Product3618,3618
Product3619,3619
Product3620,3620
Product3621,3621
Product3622,3622
Product3623,3623
Product3624,3624
Product3625,3625
Product3626,3626
Product3627,3627
Product3628,3628
Product3629,3629
Product3630,3630
Product3631,3631
Product3632,3632
Product3633,3633
Product3634,3634
Product3635,3635
Product3636,3636
Product3637,3637
Product3638,3638
Product3639,3639
Product3640,3640
Product3641,3641
Product3642,3642
Product3643,3643
Product3644,3644
Product3645,3645
Product3646,3646
Product3647,3647
Product3648,3648
Product3649,3649
Product3650,3650
Product3651,3651
Product3652,3652
Product3653,3653
Product3654,3654
Product3655,3655
Product3656,3656
Product3657,3657
Product3658,3658
Product3659,3659
Product3660,3660
Product3661,3661
Product3662,3662
Product3663,3663
Product3664,3664
Product3665,3665
Product3666,3666
Product3667,3667
Product3668,3668
Product3669,3669
Product3670,3670
Product3671,3671
Product3672,3672
Product3673,3673
Product3674,3674
Product3675,3675
Product3676,3676
Product3677,3677
Product3678,3678
Product3679,3679
Product3680,3680
Product3681,3681
Product3682,3682
Product3683,3683
Product3684,3684
Product3685,3685
Product3686,3686
Product3687,3687
Product3688,3688
Product3689,3689
Product3690,3690
Product3691,3691
Product3692,3692
Product3693,3693
Product3694,3694
Product3695,3695
Product3696,3696
Product3697,3697
Product3698,3698
Product3699,3699
Product3700,3700
Product3701,3701
Product3702,3702
Product3703,3703
Product3704,3704
Product3705,3705
Product3706,3706
Product3707,3707
Product3708,3708
Product3709,3709
Product3710,3710
Product3711,3711
Product3712,3712
Product3713,3713
Product3714,3714
Product3715,3715
Product3716,3716
Product3717,3717
Product3718,3718
Product3719,3719
Product3720,3720
Product3721,3721
Product3722,3722
Product3723,3723
Product3724,3724
Product3725,3725
Product3726,3726
Product3727,3727
Product3728,3728
Product3729,3729
Product3730,3730
Product3731,3731
Product3732,3732
Product3733,3733
Product3734,3734
Product3735,3735
Product3736,3736
Product3737,3737
Product3738,3738
Product3739,3739
Product3740,3740
Product3741,3741
Product3742,3742
Product3743,3743
Product3744,3744
Product3745,3745
Product3746,3746
Product3747,3747
Product3748,3748
Product3749,3749
Product3750,3750
Product3751,3751
Product3752,3752
Product3753,3753
Product3754,3754
Product3755,3755
Product3756,3756
Product3757,3757
Product3758,3758
Product3759,3759
Product3760,3760
Product3761,3761
Product3762,3762
Product3763,3763
Product3764,3764
Product3765,3765
Product3766,3766
Product3767,3767
Product3768,3768
Product3769,3769
Product3770,3770
Product3771,3771
Product3772,3772
Product3773,3773
Product3774,3774
Product3775,3775
Product3776,3776
Product3777,3777
Product3778,3778
Product3779,3779
Product3780,3780
Product3781,3781
Product3782,3782
Product3783,3783
Product3784,3784
Product3785,3785
Product3786,3786
Product3787,3787
Product3788,3788
Product3789,3789
Product3790,3790
Product3791,3791
Product3792,3792
Product3793,3793
Product3794,3794
Product3795,3795
Product3796,3796
Product3797,3797
Product3798,3798
Product3799,3799
Product3800,3800
Product3801,3801
Product3802,3802
Product3803,3803
Product3804,3804
Product3805,3805
Product3806,3806
Product3807,3807
Product3808,3808
Product3809,3809
Product3810,3810
Product3811,3811
Product3812,3812
Product3813,3813
Product3814,3814
Product3815,3815
Product3816,3816
Product3817,3817
Product3818,3818
Product3819,3819
Product3820,3820
Product3821,3821
Product3822,3822
Product3823,3823
Product3824,3824
Product3825,3825
Product3826,3826
Product3827,3827
Product3828,3828
Product3829,3829
Product3830,3830
Product3831,3831
Product3832,3832
Product3833,3833
Product3834,3834
Product3835,3835
Product3836,3836
Product3837,3837
Product3838,3838
Product3839,3839
Product3840,3840
Product3841,3841
Product3842,3842
Product3843,3843
Product3844,3844
Product3845,3845
Product3846,3846
Product3847,3847
Product3848,3848
Product3849,3849
Product3850,3850
Product3851,3851
Product3852,3852
Product3853,3853
Product3854,3854
Product3855,3855
Product3856,3856
Product3857,3857
Product3858,3858
Product3859,3859
Product3860,3860
Product3861,3861
Product3862,3862
Product3863,3863
Product3864,3864
Product3865,3865
Product3866,3866
Product3867,3867
Product3868,3868
Product3869,3869
Product3870,3870
Product3871,3871
Product3872,3872
Product3873,3873
Product3874,3874
Product3875,3875
Product3876,3876
Product3877,3877
Product3878,3878
Product3879,3879
Product3880,3880
Product3881,3881
Product3882,3882
Product3883,3883
Product3884,3884
Product3885,3885
Product3886,3886
Product3887,3887
Product3888,3888
Product3889,3889
Product3890,3890
Product3891,3891
Product3892,3892
Product3893,3893
Product3894,3894
Product3895,3895
Product3896,3896
Product3897,3897
Product3898,3898
Product3899,3899
Product3900,3900
Product3901,3901
Product3902,3902
Product3903,3903
Product3904,3904
Product3905,3905
Product3906,3906
Product3907,3907
Product3908,3908
Product3909,3909
Product3910,3910
Product3911,3911
Product3912,3912
Product3913,3913
Product3914,3914
Product3915,3915
Product3916,3916
Product3917,3917
Product3918,3918
Product3919,3919
Product3920,3920
Product3921,3921
Product3922,3922
Product3923,3923
Product3924,3924
Product3925,3925
Product3926,3926
Product3927,3927
Product3928,3928
Product3929,3929
Product3930,3930
Product3931,3931
Product3932,3932
Product3933,3933
Product3934,3934
Product3935,3935
Product3936,3936
Product3937,3937
Product3938,3938
Product3939,3939
Product3940,3940
Product3941,3941
Product3942,3942
Product3943,3943
Product3944,3944
Product3945,3945
Product3946,3946
Product3947,3947
Product3948,3948
Product3949,3949
Product3950,3950
Product3951,3951
Product3952,3952
Product3953,3953
Product3954,3954
Product3955,3955
Product3956,3956
Product3957,3957
Product3958,3958
Product3959,3959
Product3960,3960
Product3961,3961
Product3962,3962
Product3963,3963
Product3964,3964
Product3965,3965
Product3966,3966
Product3967,3967
Product3968,3968
Product3969,3969
Product3970,3970
Product3971,3971
Product3972,3972
Product3973,3973
Product3974,3974
Product3975,3975
Product3976,3976
Product3977,3977
Product3978,3978
Product3979,3979
Product3980,3980
Product3981,3981
Product3982,3982
Product3983,3983
Product3984,3984
Product3985,3985
Product3986,3986
Product3987,3987
Product3988,3988
Product3989,3989
Product3990,3990
Product3991,3991
Product3992,3992
Product3993,3993
Product3994,3994
Product3995,3995
Product3996,3996
Product3997,3997
Product3998,3998
Product3999,3999
Product4000,4000
Product4001,4001
Product4002,4002
Product4003,4003
Product4004,4004
Product4005,4005
Product4006,4006
Product4007,4007
Product4008,4008
Product4009,4009
Product4010,4010
Product4011,4011
Product4012,4012
Product4013,4013
Product4014,4014
Product4015,4015
Product4016,4016
Product4017,4017
Product4018,4018
Product4019,4019
Product4020,4020
Product4021,4021
Product4022,4022
Product4023,4023
Product4024,4024
Product4025,4025
Product4026,4026
Product4027,4027
Product4028,4028
Product4029,4029
Product4030,4030
Product4031,4031
Product4032,4032
Product4033,4033
Product4034,4034
Product4035,4035
Product4036,4036
Product4037,4037
Product4038,4038
Product4039,4039
Product4040,4040
Product4041,4041
Product4042,4042
Product4043,4043
Product4044,4044
Product4045,4045
Product4046,4046
Product4047,4047
Product4048,4048
Product4049,4049
Product4050,4050
Product4051,4051
Product4052,4052
Product4053,4053
Product4054,4054
Product4055,4055
Product4056,4056
Product4057,4057
Product4058,4058
Product4059,4059
Product4060,4060
Product4061,4061
Product4062,4062
Product4063,4063
Product4064,4064
Product4065,4065
Product4066,4066
Product4067,4067
Product4068,4068
Product4069,4069
Product4070,4070
Product4071,4071
Product4072,4072
Product4073,4073
Product4074,4074
Product4075,4075
Product4076,4076
Product4077,4077
Product4078,4078
Product4079,4079
Product4080,4080
Product4081,4081
Product4082,4082
Product4083,4083
Product4084,4084
Product4085,4085
Product4086,4086
Product4087,4087
Product4088,4088
Product4089,4089
Product4090,4090
Product4091,4091
Product4092,4092
Product4093,4093
Product4094,4094
Product4095,4095
Product4096,4096
Product4097,4097
Product4098,4098
Product4099,4099
Product4100,4100
Product4101,4101
Product4102,4102
Product4103,4103
Product4104,4104
Product4105,4105
Product4106,4106
Product4107,4107
Product4108,4108
Product4109,4109
Product4110,4110
Product4111,4111
Product4112,4112
Product4113,4113
Product4114,4114
Product4115,4115
Product4116,4116
Product4117,4117
Product4118,4118
Product4119,4119
Product4120,4120
Product4121,4121
Product4122,4122
Product4123,4123
Product4124,4124
Product4125,4125
Product4126,4126
Product4127,4127
Product4128,4128
Product4129,4129
Product4130,4130
Product4131,4131
Product4132,4132
Product4133,4133
Product4134,4134
Product4135,4135
Product4136,4136
Product4137,4137
Product4138,4138
Product4139,4139
Product4140,4140
Product4141,4141
Product4142,4142
Product4143,4143
Product4144,4144
Product4145,4145
Product4146,4146
Product4147,4147
Product4148,4148
Product4149,4149
Product4150,4150
Product4151,4151
Product4152,4152
Product4153,4153
Product4154,4154
Product4155,4155
Product4156,4156
Product4157,4157
Product4158,4158
Product4159,4159
Product4160,4160
Product4161,4161
Product4162,4162
Product4163,4163
Product4164,4164
Product4165,4165
Product4166,4166
Product4167,4167
Product4168,4168
Product4169,4169
Product4170,4170
Product4171,4171
Product4172,4172
Product4173,4173
Product4174,4174
Product4175,4175
Product4176,4176
Product4177,4177
Product4178,4178
Product4179,4179
Product4180,4180
Product4181,4181
Product4182,4182
Product4183,4183
Product4184,4184
Product4185,4185
Product4186,4186
Product4187,4187
Product4188,4188
Product4189,4189
Product4190,4190
Product4191,4191
Product4192,4192
Product4193,4193
Product4194,4194
Product4195,4195
Product4196,4196
Product4197,4197
Product4198,4198
Product4199,4199
Product4200,4200
Product4201,4201
Product4202,4202
Product4203,4203
Product4204,4204
Product4205,4205
Product4206,4206
Product4207,4207
Product4208,4208
Product4209,4209
Product4210,4210
Product4211,4211
Product4212,4212
Product4213,4213
Product4214,4214
Product4215,4215
Product4216,4216
Product4217,4217
Product4218,4218
Product4219,4219
Product4220,4220
Product4221,4221
Product4222,4222
Product4223,4223
Product4224,4224
Product4225,4225
Product4226,4226
Product4227,4227
Product4228,4228
Product4229,4229
Product4230,4230
Product4231,4231
Product4232,4232
Product4233,4233
Product4234,4234
Product4235,4235
Product4236,4236
Product4237,4237
Product4238,4238
Product4239,4239
Product4240,4240
Product4241,4241
Product4242,4242
Product4243,4243
Product4244,4244
Product4245,4245
Product4246,4246
Product4247,4247
Product4248,4248
Product4249,4249
Product4250,4250
Product4251,4251
Product4252,4252
Product4253,4253
Product4254,4254
Product4255,4255
Product4256,4256
Product4257,4257
Product4258,4258
Product4259,4259
Product4260,4260
Product4261,4261
Product4262,4262
Product4263,4263
Product4264,4264
Product4265,4265
Product4266,4266
Product4267,4267
Product4268,4268
Product4269,4269
Product4270,4270
Product4271,4271
Product4272,4272
Product4273,4273
Product4274,4274
Product4275,4275
Product4276,4276
Product4277,4277
Product4278,4278
Product4279,4279
Product4280,4280
Product4281,4281
Product4282,4282
Product4283,4283
Product4284,4284
Product4285,4285
Product4286,4286
Product4287,4287
Product4288,4288
Product4289,4289
Product4290,4290
Product4291,4291
Product4292,4292
Product4293,4293
Product4294,4294
Product4295,4295
Product4296,4296
Product4297,4297
Product4298,4298
Product4299,4299
Product4300,4300
Product4301,4301
Product4302,4302
Product4303,4303
Product4304,4304
Product4305,4305
Product4306,4306
Product4307,4307
Product4308,4308
Product4309,4309
Product4310,4310
Product4311,4311
Product4312,4312
Product4313,4313
Product4314,4314
Product4315,4315
Product4316,4316
Product4317,4317
Product4318,4318
Product4319,4319
Product4320,4320
Product4321,4321
Product4322,4322
Product4323,4323
Product4324,4324
Product4325,4325
Product4326,4326
Product4327,4327
Product4328,4328
Product4329,4329
Product4330,4330
Product4331,4331
Product4332,4332
Product4333,4333
Product4334,4334
Product4335,4335
Product4336,4336
Product4337,4337
Product4338,4338
Product4339,4339
Product4340,4340
Product4341,4341
Product4342,4342
Product4343,4343
Product4344,4344
Product4345,4345
Product4346,4346
Product4347,4347
Product4348,4348
Product4349,4349
Product4350,4350
Product4351,4351
Product4352,4352
Product4353,4353
Product4354,4354
Product4355,4355
Product4356,4356
Product4357,4357
Product4358,4358
Product4359,4359
Product4360,4360
Product4361,4361
Product4362,4362
Product4363,4363
Product4364,4364
Product4365,4365
Product4366,4366
Product4367,4367
Product4368,4368
Product4369,4369
Product4370,4370
Product4371,4371
Product4372,4372
Product4373,4373
Product4374,4374
Product4375,4375
Product4376,4376
Product4377,4377
Product4378,4378
Product4379,4379
Product4380,4380
Product4381,4381
Product4382,4382
Product4383,4383
Product4384,4384
Product4385,4385
Product4386,4386
Product4387,4387
Product4388,4388
Product4389,4389
Product4390,4390
Product4391,4391
Product4392,4392
Product4393,4393
Product4394,4394
Product4395,4395
Product4396,4396
Product4397,4397
Product4398,4398
Product4399,4399
Product4400,4400
Product4401,4401
Product4402,4402
Product4403,4403
Product4404,4404
Product4405,4405
Product4406,4406
Product4407,4407
Product4408,4408
Product4409,4409
Product4410,4410
Product4411,4411
Product4412,4412
Product4413,4413
Product4414,4414
Product4415,4415
Product4416,4416
Product4417,4417
Product4418,4418
Product4419,4419
Product4420,4420
Product4421,4421
Product4422,4422
Product4423,4423
Product4424,4424
Product4425,4425
Product4426,4426
Product4427,4427
Product4428,4428
Product4429,4429
Product4430,4430
Product4431,4431
Product4432,4432
Product4433,4433
Product4434,4434
Product4435,4435
Product4436,4436
Product4437,4437
Product4438,4438
Product4439,4439
Product4440,4440
Product4441,4441
Product4442,4442
Product4443,4443
Product4444,4444
Product4445,4445
Product4446,4446
Product4447,4447
Product4448,4448
Product4449,4449
Product4450,4450
Product4451,4451
Product4452,4452
Product4453,4453
Product4454,4454
Product4455,4455
Product4456,4456
Product4457,4457
Product4458,4458
Product4459,4459
Product4460,4460
Product4461,4461
Product4462,4462
Product4463,4463
Product4464,4464
Product4465,4465
Product4466,4466
Product4467,4467
Product4468,4468
Product4469,4469
Product4470,4470
Product4471,4471
Product4472,4472
Product4473,4473
Product4474,4474
Product4475,4475
Product4476,4476
Product4477,4477
Product4478,4478
Product4479,4479
Product4480,4480
Product4481,4481
Product4482,4482
Product4483,4483
Product4484,4484
Product4485,4485
Product4486,4486
Product4487,4487
Product4488,4488
Product4489,4489
Product4490,4490
Product4491,4491
Product4492,4492
Product4493,4493
Product4494,4494
Product4495,4495
Product4496,4496
Product4497,4497
Product4498,4498
Product4499,4499
Product4500,4500
Product4501,4501
Product4502,4502
Product4503,4503
Product4504,4504
Product4505,4505
Product4506,4506
Product4507,4507
Product4508,4508
Product4509,4509
Product4510,4510
Product4511,4511
Product4512,4512
Product4513,4513
Product4514,4514
Product4515,4515
Product4516,4516
Product4517,4517
Product4518,4518
Product4519,4519
Product4520,4520
Product4521,4521
Product4522,4522
Product4523,4523
Product4524,4524
Product4525,4525
Product4526,4526
Product4527,4527
Product4528,4528
Product4529,4529
Product4530,4530
Product4531,4531
Product4532,4532
Product4533,4533
Product4534,4534
Product4535,4535
Product4536,4536
Product4537,4537
Product4538,4538
Product4539,4539
Product4540,4540
Product4541,4541
Product4542,4542
Product4543,4543
Product4544,4544
Product4545,4545
Product4546,4546
Product4547,4547
Product4548,4548
Product4549,4549
Product4550,4550
Product4551,4551
Product4552,4552
Product4553,4553
Product4554,4554
Product4555,4555
Product4556,4556
Product4557,4557
Product4558,4558
Product4559,4559
Product4560,4560
Product4561,4561
Product4562,4562
Product4563,4563
Product4564,4564
Product4565,4565
Product4566,4566
Product4567,4567
Product4568,4568
Product4569,4569
Product4570,4570
Product4571,4571
Product4572,4572
Product4573,4573
Product4574,4574
Product4575,4575
Product4576,4576
Product4577,4577
Product4578,4578
Product4579,4579
Product4580,4580
Product4581,4581
Product4582,4582
Product4583,4583
Product4584,4584
Product4585,4585
Product4586,4586
Product4587,4587
Product4588,4588
Product4589,4589
Product4590,4590
Product4591,4591
Product4592,4592
Product4593,4593
Product4594,4594
Product4595,4595
Product4596,4596
Product4597,4597
Product4598,4598
Product4599,4599
Product4600,4600
Product4601,4601
Product4602,4602
Product4603,4603
Product4604,4604
Product4605,4605
Product4606,4606
Product4607,4607
Product4608,4608
Product4609,4609
Product4610,4610
Product4611,4611
Product4612,4612
Product4613,4613
Product4614,4614
Product4615,4615
Product4616,4616
Product4617,4617
Product4618,4618
Product4619,4619
Product4620,4620
Product4621,4621
Product4622,4622
Product4623,4623
Product4624,4624
Product4625,4625
Product4626,4626
Product4627,4627
Product4628,4628
Product4629,4629
Product4630,4630
Product4631,4631
Product4632,4632
Product4633,4633
Product4634,4634
Product4635,4635
Product4636,4636
Product4637,4637
Product4638,4638
Product4639,4639
Product4640,4640
Product4641,4641
Product4642,4642
Product4643,4643
Product4644,4644
Product4645,4645
Product4646,4646
Product4647,4647
Product4648,4648
Product4649,4649
Product4650,4650
Product4651,4651
Product4652,4652
Product4653,4653
Product4654,4654
Product4655,4655
Product4656,4656
Product4657,4657
Product4658,4658
Product4659,4659
Product4660,4660
Product4661,4661
Product4662,4662
Product4663,4663
Product4664,4664
Product4665,4665
Product4666,4666
Product4667,4667
Product4668,4668
Product4669,4669
Product4670,4670
Product4671,4671
Product4672,4672
Product4673,4673
Product4674,4674
Product4675,4675
Product4676,4676
Product4677,4677
Product4678,4678
Product4679,4679
Product4680,4680
Product4681,4681
Product4682,4682
Product4683,4683
Product4684,4684
Product4685,4685
Product4686,4686
Product4687,4687
Product4688,4688
Product4689,4689
Product4690,4690
Product4691,4691
Product4692,4692
Product4693,4693
Product4694,4694
Product4695,4695
Product4696,4696
Product4697,4697
Product4698,4698
Product4699,4699
Product4700,4700
Product4701,4701
Product4702,4702
Product4703,4703
Product4704,4704
Product4705,4705
Product4706,4706
Product4707,4707
Product4708,4708
Product4709,4709
Product4710,4710
Product4711,4711
Product4712,4712
Product4713,4713
Product4714,4714
Product4715,4715
Product4716,4716
Product4717,4717
Product4718,4718
Product4719,4719
Product4720,4720
Product4721,4721
Product4722,4722
Product4723,4723
Product4724,4724
Product4725,4725
Product4726,4726
Product4727,4727
Product4728,4728
Product4729,4729
Product4730,4730
Product4731,4731
Product4732,4732
Product4733,4733
Product4734,4734
Product4735,4735
Product4736,4736
Product4737,4737
Product4738,4738
Product4739,4739
Product4740,4740
Product4741,4741
Product4742,4742
Product4743,4743
Product4744,4744
Product4745,4745
Product4746,4746
Product4747,4747
Product4748,4748
Product4749,4749
Product4750,4750
Product4751,4751
Product4752,4752
Product4753,4753
Product4754,4754
Product4755,4755
Product4756,4756
Product4757,4757
Product4758,4758
Product4759,4759
Product4760,4760
Product4761,4761
Product4762,4762
Product4763,4763
Product4764,4764
Product4765,4765
Product4766,4766
Product4767,4767
Product4768,4768
Product4769,4769
Product4770,4770
Product4771,4771
Product4772,4772
Product4773,4773
Product4774,4774
Product4775,4775
Product4776,4776
Product4777,4777
Product4778,4778
Product4779,4779
Product4780,4780
Product4781,4781
Product4782,4782
Product4783,4783
Product4784,4784
Product4785,4785
Product4786,4786
Product4787,4787
Product4788,4788
Product4789,4789
Product4790,4790
Product4791,4791
Product4792,4792
Product4793,4793
Product4794,4794
Product4795,4795
Product4796,4796
Product4797,4797
Product4798,4798
Product4799,4799
Product4800,4800
Product4801,4801
Product4802,4802
Product4803,4803
Product4804,4804
Product4805,4805
Product4806,4806
Product4807,4807
Product4808,4808
Product4809,4809
Product4810,4810
Product4811,4811
Product4812,4812
Product4813,4813
Product4814,4814
Product4815,4815
Product4816,4816
Product4817,4817
Product4818,4818
Product4819,4819
Product4820,4820
Product4821,4821
Product4822,4822
Product4823,4823
Product4824,4824
Product4825,4825
Product4826,4826
Product4827,4827
Product4828,4828
Product4829,4829
Product4830,4830
Product4831,4831
Product4832,4832
Product4833,4833
Product4834,4834
Product4835,4835
Product4836,4836
Product4837,4837
Product4838,4838
Product4839,4839
Product4840,4840
Product4841,4841
Product4842,4842
Product4843,4843
Product4844,4844
Product4845,4845
Product4846,4846
Product4847,4847
Product4848,4848
Product4849,4849
Product4850,4850
Product4851,4851
Product4852,4852
Product4853,4853
Product4854,4854
Product4855,4855
Product4856,4856
Product4857,4857
Product4858,4858
Product4859,4859
Product4860,4860
Product4861,4861
Product4862,4862
Product4863,4863
Product4864,4864
Product4865,4865
Product4866,4866
Product4867,4867
Product4868,4868
Product4869,4869
Product4870,4870
Product4871,4871
Product4872,4872
Product4873,4873
Product4874,4874
Product4875,4875
Product4876,4876
Product4877,4877
Product4878,4878
Product4879,4879
Product4880,4880
Product4881,4881
Product4882,4882
Product4883,4883
Product4884,4884
Product4885,4885
Product4886,4886
Product4887,4887
Product4888,4888
Product4889,4889
Product4890,4890
Product4891,4891
Product4892,4892
Product4893,4893
Product4894,4894
Product4895,4895
Product4896,4896
Product4897,4897
Product4898,4898
Product4899,4899
Product4900,4900
Product4901,4901
Product4902,4902
Product4903,4903
Product4904,4904
Product4905,4905
Product4906,4906
Product4907,4907
Product4908,4908
Product4909,4909
Product4910,4910
Product4911,4911
Product4912,4912
Product4913,4913
Product4914,4914
Product4915,4915
Product4916,4916
Product4917,4917
Product4918,4918
Product4919,4919
Product4920,4920
Product4921,4921
Product4922,4922
Product4923,4923
Product4924,4924
Product4925,4925
Product4926,4926
Product4927,4927
Product4928,4928
Product4929,4929
Product4930,4930
Product4931,4931
Product4932,4932
Product4933,4933
Product4934,4934
Product4935,4935
Product4936,4936
Product4937,4937
Product4938,4938
Product4939,4939
Product4940,4940
Product4941,4941
Product4942,4942
Product4943,4943
Product4944,4944
Product4945,4945
Product4946,4946
Product4947,4947
Product4948,4948
Product4949,4949
Product4950,4950
Product4951,4951
Product4952,4952
Product4953,4953
Product4954,4954
Product4955,4955
Product4956,4956
Product4957,4957
Product4958,4958
Product4959,4959
Product4960,4960
Product4961,4961
Product4962,4962
Product4963,4963
Product4964,4964
Product4965,4965
Product4966,4966
Product4967,4967
Product4968,4968
Product4969,4969
Product4970,4970
Product4971,4971
Product4972,4972
Product4973,4973
Product4974,4974
Product4975,4975
Product4976,4976
Product4977,4977
Product4978,4978
Product4979,4979
Product4980,4980
Product4981,4981
Product4982,4982
Product4983,4983
Product4984,4984
Product4985,4985
Product4986,4986
Product4987,4987
Product4988,4988
Product4989,4989
Product4990,4990
Product4991,4991
Product4992,4992
Product4993,4993
Product4994,4994
Product4995,4995
Product4996,4996
Product4997,4997
Product4998,4998
Product4999,4999
Product5000,5000
